{"account":{"synonyms":["buildings"]},"action_list_component":{"synonyms":["list"]},"actions_and_buttons":{"synonyms":["arrow","target"]},"address":{"synonyms":["pin","location"]},"agent_session":{"synonyms":["chat","barchart","service"]},"all":{"synonyms":["icons"]},"announcement":{"synonyms":["megaphone","call"]},"answer_best":{"synonyms":["check","correct","chat","speechbubble"]},"answer_private":{"synonyms":["checkmark","speechbubble"]},"answer_public":{"synonyms":["speechbubble"]},"apex":{"synonyms":["code","developer"]},"apex_plugin":{"synonyms":["plug","extension","plug-in"]},"app":{"synonyms":["squares","frame"]},"approval":{"synonyms":["stamp","approved"]},"apps":{"synonyms":["waffle","applauncer","menu"]},"apps_admin":{"synonyms":["applauncher","menu"]},"article":{"synonyms":["book","library","read"]},"asset_relationship":{"synonyms":["diagram"]},"assigned_resource":{"synonyms":["arrow","resource"]},"assignment":{"synonyms":["equalsign","lines"]},"avatar":{"synonyms":["user","profile","person"]},"avatar_loading":{"synonyms":["loadingavatar","profileloading"]},"bot":{"synonyms":["robot","bot","face","machine","AI"]},"bot_training":{"synonyms":["training","fixing","chatbot","tool"]},"branch_merge":{"synonyms":["merge","chart","connect","connectors","branches"]},"brand":{"synonyms":["branding","palatte","paint","styling"]},"business_hours":{"synonyms":["time","clock","hours","minutes","working"]},"buyer_account":{"synonyms":["cart","buy","shop"]},"buyer_group":{"synonyms":["buyers","shoppers","group",""]},"calibration":{"synonyms":["analysis","assessment","adjust","determination"]},"call":{"synonyms":["dial","phone","reachout"]},"call_history":{"synonyms":["caller","history","timetravel"]},"campaign":{"synonyms":["operation","movement"]},"campaign_members":{"synonyms":["target","campaign","operation"]},"canvas":{"synonyms":["system","puzzle"]},"carousel":{"synonyms":["modal","flip","swipethrough","windows","slides","slideshow"]},"case":{"synonyms":["case","service"]},"case_change_status":{"synonyms":["update"]},"case_comment":{"synonyms":["reply","response"]},"case_email":{"synonyms":["email","mail","message"]},"case_log_a_call":{"synonyms":["phone","talk","conversation","outreach"]},"case_milestone":{"synonyms":["status","timer","countdown"]},"case_transcript":{"synonyms":["chat","conversation"]},"catalog":{"synonyms":["swatches","types"]},"category":{"synonyms":["swatches","selected","type"]},"channel_program_history":{"synonyms":["globe","equator","longitude"]},"channel_program_levels":{"synonyms":["analytics","piechart"]},"channel_program_members":{"synonyms":["radiobutton","selected"]},"channel_programs":{"synonyms":["person","flag","customer"]},"chart":{"synonyms":["venndiagram","rings"]},"choice":{"synonyms":["whistle"]},"client":{"synonyms":["source","window","editor"]},"cms":{"synonyms":["x","algebra","code"]},"coaching":{"synonyms":[]},"code_playground":{"synonyms":[]},"collection_variable":{"synonyms":[]},"connected_apps":{"synonyms":["lightning","box","applications"]},"constant":{"synonyms":["pi","code"]},"contact":{"synonyms":["profile","businesscard"]},"contact_list":{"synonyms":["bulletpoints","radiobuttons"]},"contact_request":{"synonyms":["speechbubble","arrow"]},"contract":{"synonyms":["contract"]},"contract_line_item":{"synonyms":["contract","list"]},"currency":{"synonyms":["bill"]},"currency_input":{"synonyms":["money","coin"]},"custom":{"synonyms":["wrench"]},"custom_notification":{"synonyms":["lightning"]},"customer_360":{"synonyms":["continuous"]},"customer_portal_users":{"synonyms":["browser"]},"customers":{"synonyms":["users"]},"dashboard":{"synonyms":[]},"dashboard_ea":{"synonyms":["cards"]},"data_integration_hub":{"synonyms":[]},"datadotcom":{"synonyms":[]},"dataset":{"synonyms":["data","shield"]},"date_input":{"synonyms":["calendar"]},"date_time":{"synonyms":["clock","calendar"]},"decision":{"synonyms":["sign","direction"]},"default":{"synonyms":["cloud","salesforce","original"]},"delegated_account":{"synonyms":["buildings","arrows"]},"display_rich_text":{"synonyms":["box","formatted","font","A"]},"display_text":{"synonyms":["write","read","document"]},"document":{"synonyms":["worddoc"]},"drafts":{"synonyms":["versions","documents"]},"dynamic_record_choice":{"synonyms":["targetwithcloud","target","cloud"]},"education":{"synonyms":["graduationcap"]},"email":{"synonyms":["envelope"]},"email_chatter":{"synonyms":["envelope","yellowenvelope"]},"empty":{"synonyms":["square","emptysquare"]},"endorsement":{"synonyms":["thumbsup","like"]},"entitlement":{"synonyms":["note","checkmark"]},"entitlement_policy":{"synonyms":["document","ribbon"]},"entitlement_process":{"synonyms":["note"]},"entitlement_template":{"synonyms":["note"]},"entity":{"synonyms":["object","circles"]},"entity_milestone":{"synonyms":["hexagon","flag"]},"environment_hub":{"synonyms":["tree","flow"]},"event":{"synonyms":["calendar","date"]},"events":{"synonyms":["radar","antenna"]},"feed":{"synonyms":["chatter","pulse"]},"feedback":{"synonyms":["message","bubble","chat","response"]},"file":{"synonyms":["document","text","upload"]},"filter":{"synonyms":["funnel","reduce","sift","order"]},"first_non_empty":{"synonyms":["x","empty","cross"]},"flow":{"synonyms":["wave","path"]},"folder":{"synonyms":["file"]},"forecasts":{"synonyms":["binoculars"]},"formula":{"synonyms":["fx"]},"fulfillment_order":{"synonyms":["dolly","cart","boxes"]},"generic_loading":{"synonyms":["loader","star"]},"global_constant":{"synonyms":["globe","pi"]},"goals":{"synonyms":["checkeredflag","flagpole"]},"group_loading":{"synonyms":["people"]},"groups":{"synonyms":["people"]},"hierarchy":{"synonyms":["organizationstructure","orgchart","network"]},"high_velocity_sales":{"synonyms":["arrows","accelerate"]},"home":{"synonyms":["app","homepage","house"]},"household":{"synonyms":["people","home","family"]},"individual":{"synonyms":["person","human","user"]},"insights":{"synonyms":["analytics","data","report"]},"instore_locations":{"synonyms":["shelves","products","store"]},"investment_account":{"synonyms":["arrow","securities","assets"]},"invocable_action":{"synonyms":[]},"iot_context":{"synonyms":[]},"iot_orchestrations":{"synonyms":[]},"javascript_button":{"synonyms":["document","file","js"]},"job_profile":{"synonyms":["clipboard"]},"kanban":{"synonyms":["board","sign","billboard"]},"knowledge":{"synonyms":["book","sheetsofpaper","openbook"]},"lead":{"synonyms":["person","opportunity"]},"lead_insights":{"synonyms":["data","analytics","percentage"]},"lead_list":{"synonyms":["list","stacks"]},"letterhead":{"synonyms":["header","singlesheetofpaper"]},"lightning_component":{"synonyms":["bolt"]},"lightning_usage":{"synonyms":["chart","graph","trend"]},"link":{"synonyms":["chain"]},"list_email":{"synonyms":["mail","envelope","send"]},"live_chat":{"synonyms":["typing","bubble","message"]},"live_chat_visitor":{"synonyms":["person","bubble","typing"]},"location":{"synonyms":["map"]},"log_a_call":{"synonyms":["phone","phonebook","contact"]},"logging":{"synonyms":["upload","arrow"]},"loop":{"synonyms":["refresh","arrow"]},"macros":{"synonyms":["arrow","forward"]},"maintenance_asset":{"synonyms":["filefolder","wrench"]},"maintenance_plan":{"synonyms":["wrench","document"]},"marketing_actions":{"synonyms":["touch","finger","press"]},"merge":{"synonyms":["arrows","combine","unite"]},"messaging_conversation":{"synonyms":["speechbubbles","overlap"]},"messaging_session":{"synonyms":["speechbubble","layout","columns"]},"messaging_user":{"synonyms":["speechbubble","avatar","profile","head"]},"metrics":{"synonyms":["chart","graph","data"]},"multi_picklist":{"synonyms":["documents","overlap","checklist","items"]},"multi_select_checkbox":{"synonyms":["documents","overlap","item","input"]},"news":{"synonyms":["paper","article","content"]},"note":{"synonyms":["text","content","notepad"]},"number_input":{"synonyms":["pound","digit","number"]},"omni_supervisor":{"synonyms":["user"]},"operating_hours":{"synonyms":["clock","hours","alarm"]},"opportunity":{"synonyms":["crown","king","queen"]},"opportunity_contact_role":{"synonyms":["user","customer"]},"opportunity_splits":{"synonyms":["flathead","nail","half"]},"order_item":{"synonyms":["file","deliver"]},"orders":{"synonyms":["stack","file","deliver"]},"outcome":{"synonyms":["send","arrow","rectangle","result"]},"output":{"synonyms":["arrow","rightarrow"]},"partner_fund_allocation":{"synonyms":["money","distribution","arrows","budget"]},"partner_fund_claim":{"synonyms":["money","document","invoice","budget"]},"partner_fund_request":{"synonyms":["money","contact","payment","budget"]},"partner_marketing_budget":{"synonyms":["money","fund"]},"partners":{"synonyms":["handshake","deal","agreement"]},"password":{"synonyms":["secure","private","asterisk"]},"past_chat":{"synonyms":["timer","clock","conversation"]},"people":{"synonyms":["contact","person","user","avatar"]},"performance":{"synonyms":["star","columns","layout"]},"person_account":{"synonyms":["avatar","building","head"]},"photo":{"synonyms":["camera","lens"]},"picklist_choice":{"synonyms":["list","cloud","items"]},"picklist_type":{"synonyms":["list","items","bullets"]},"planogram":{"synonyms":["stock","schematic","shelf/shelves"]},"poll":{"synonyms":["chart","graph","questions"]},"portal":{"synonyms":["key","lock","door"]},"portal_roles":{"synonyms":["user","account","layout"]},"portal_roles_and_subordinates":{"synonyms":["chart","layout","table"]},"post":{"synonyms":["speechbubble"]},"pricebook":{"synonyms":["notebook","barcode"]},"process":{"synonyms":["diamond"]},"product":{"synonyms":["columns"]},"product_consumed":{"synonyms":["downarrow"]},"product_item":{"synonyms":["columns","rows","grid"]},"product_item_transaction":{"synonyms":["rows","arrow"]},"product_request":{"synonyms":["arrow","curve","jump"]},"product_request_line_item":{"synonyms":["arrow","curve","jump"]},"product_required":{"synonyms":["checklist","list"]},"product_transfer":{"synonyms":["arrows","circular","process"]},"proposition":{"synonyms":["hand","box","hover"]},"question_best":{"synonyms":["speechbubble","questionmark","starcorner"]},"question_feed":{"synonyms":["speechbubble","questionmark"]},"queue":{"synonyms":["avatar","person","head"]},"quick_text":{"synonyms":["speechbubble"]},"quip":{"synonyms":["speechbubble"]},"quip_sheet":{"synonyms":["layout","columns"]},"quotes":{"synonyms":["tag","pricetag"]},"radio_button":{"synonyms":["circles","input","filled"]},"read_receipts":{"synonyms":["envelope","message"]},"recent":{"synonyms":["clock","message","new"]},"record":{"synonyms":["clipboard","list"]},"record_create":{"synonyms":["clipboard","add"]},"record_delete":{"synonyms":["clipboard","remove"]},"record_lookup":{"synonyms":["clipboard","search","query"]},"record_update":{"synonyms":["clipboard","write","edit"]},"recycle_bin":{"synonyms":["trash","delete","remove"]},"related_list":{"synonyms":[]},"relationship":{"synonyms":[]},"report":{"synonyms":["clipboard"]},"resource_absence":{"synonyms":["schedule","unavailable","availability","status"]},"resource_capacity":{"synonyms":["schedule","availability","status"]},"resource_preference":{"synonyms":["schedule","thumb","thumbsup","like"]},"resource_skill":{"synonyms":["schedule","agent","cog","specialty"]},"return_order":{"synonyms":["arrow","list","back"]},"return_order_line_item":{"synonyms":["arrow","back"]},"reward":{"synonyms":["prize","medal","ribbon"]},"rtc_presence":{"synonyms":["availability","status","speechballoon","speechbubble","chat"]},"sales_cadence":{"synonyms":["direction","arrows","forward","progress"]},"sales_cadence_target":{"synonyms":["darts","target","arrow"]},"sales_channel":{"synonyms":["channels","connection","system","network","arrows","forward"]},"sales_path":{"synonyms":["route","path","direction"]},"sales_value":{"synonyms":["magnifyingglass","chart","growth","projection"]},"salesforce_cms":{"synonyms":["mountains","system","management"]},"scan_card":{"synonyms":["scanner"]},"screen":{"synonyms":["display","computer","device"]},"search":{"synonyms":["magnifyingglass","results"]},"service_appointment":{"synonyms":["calendar","meeting"]},"service_appointment_capacity_usage":{"synonyms":["calendar","piechart","breakdown"]},"service_contract":{"synonyms":["document","wrench"]},"service_crew":{"synonyms":["people","hardhat","worker"]},"service_crew_member":{"synonyms":["person","hardhat","worker"]},"service_report":{"synonyms":["clipboard","graph"]},"service_resource":{"synonyms":["person"]},"service_territory":{"synonyms":["mappin","staple","region"]},"service_territory_location":{"synonyms":["mappin","region"]},"service_territory_member":{"synonyms":["person","mappin","region"]},"settings":{"synonyms":["gear","system"]},"shift":{"synonyms":["calendar","confirmed","appointment"]},"shift_type":{"synonyms":["calendar","list"]},"shipment":{"synonyms":["box","order"]},"skill":{"synonyms":["head","gear"]},"skill_entity":{"synonyms":["face","head","person"]},"skill_requirement":{"synonyms":["gear","badge"]},"sms":{"synonyms":["text","message"]},"snippet":{"synonyms":["quote"]},"snippets":{"synonyms":["clipboard","brackets"]},"sobject":{"synonyms":["object"]},"sobject_collection":{"synonyms":["object"]},"social":{"synonyms":["media"]},"solution":{"synonyms":["lightbulb","idea"]},"sort":{"synonyms":["arrows"]},"sossession":{"synonyms":["sos","help"]},"stage":{"synonyms":["status"]},"stage_collection":{"synonyms":["status"]},"steps":{"synonyms":["dottedline","square"]},"store":{"synonyms":["storefront","door","building","store"]},"store_group":{"synonyms":["windows","building","store","town"]},"story":{"synonyms":["einstein","mustache","head"]},"strategy":{"synonyms":["flow","diagram","connection"]},"survey":{"synonyms":["check","lines","list"]},"system_and_global_variable":{"synonyms":["formula","x"]},"task":{"synonyms":["todo","list"]},"task2":{"synonyms":["done","check","todo"]},"team_member":{"synonyms":["group","people"]},"template":{"synonyms":[]},"text":{"synonyms":["font","format"]},"text_template":{"synonyms":[]},"textarea":{"synonyms":["type","input"]},"textbox":{"synonyms":["type","input"]},"thanks":{"synonyms":["gratitude","gift"]},"thanks_loading":{"synonyms":["gratitude","gift"]},"timesheet":{"synonyms":["schedule","work"]},"timesheet_entry":{"synonyms":["schedule","work"]},"timeslot":{"synonyms":["schedule","work"]},"today":{"synonyms":["date","day","clock"]},"topic":{"synonyms":["star","conversation"]},"topic2":{"synonyms":["hashtag"]},"trailhead":{"synonyms":["trailhead","badge"]},"unmatched":{"synonyms":["nomatch","donotenter"]},"user":{"synonyms":["person","profile"]},"user_role":{"synonyms":["person","wrench","profile","settings"]},"variable":{"synonyms":["x"]},"visit_templates":{"synonyms":["site"]},"visits":{"synonyms":["person","user","location"]},"visualforce_page":{"synonyms":[]},"voice_call":{"synonyms":["voice","phone","call"]},"waits":{"synonyms":["hold","sleep"]},"work_capacity_limit":{"synonyms":["schedule","availability","status","full"]},"work_capacity_usage":{"synonyms":["clipboard","full","schedule","availability","status"]},"work_order":{"synonyms":["van"]},"work_order_item":{"synonyms":["clipboard","check"]},"work_queue":{"synonyms":["list"]},"work_type":{"synonyms":[]},"work_type_group":{"synonyms":[]}}